vendor,capability,coverage,adoption,criticality
Datadog,Infrastructure monitoring,1.0,0.82,high
Datadog,Dashboards,1.0,0.77,high
Datadog,Alerting,1.0,0.74,high
Datadog,Log analysis,1.0,0.68,medium
Grafana,Infrastructure monitoring,0.9,0.64,high
Grafana,Dashboards,1.0,0.83,high
Grafana,Alerting,0.9,0.71,high
Grafana,Log analysis,0.8,0.61,medium
Notion,Knowledge base,1.0,0.91,high
Confluence,Knowledge base,1.0,0.56,high
Asana,Project tracking,1.0,0.17,medium
Jira,Project tracking,1.0,0.91,high
Miro,Whiteboarding,1.0,0.51,low
FigJam,Whiteboarding,0.9,0.72,low
